Dates,Google_Trends,Price,Reddit_Subscribers_Growth,Twitter_Mentions,Volume
2016-01-01,0,0.0,1,1,0.0
2016-01-02,0,0.0,1,1,0.0
2016-01-03,0,0.0,1,1,0.0
2016-01-04,0,0.0,1,1,0.0
2016-01-05,0,0.0,1,1,0.0
2016-01-06,0,0.0,1,1,0.0
2016-01-07,0,0.0,1,1,0.0
2016-01-08,0,0.0,1,1,0.0
2016-01-09,0,0.0,1,1,0.0
2016-01-10,0,0.0,1,1,0.0
2016-01-11,0,0.0,1,1,0.0
2016-01-12,0,0.0,1,1,0.0
2016-01-13,0,0.0,1,1,0.0
2016-01-14,0,0.0,1,1,0.0
2016-01-15,0,0.0,1,1,0.0
2016-01-16,0,0.0,1,1,0.0
2016-01-17,0,0.0,1,1,0.0
2016-01-18,0,0.0,1,1,0.0
2016-01-19,0,0.0,1,1,0.0
2016-01-20,0,0.0,1,1,0.0
2016-01-21,0,0.0,1,1,0.0
2016-01-22,0,0.0,1,1,0.0
2016-01-23,0,0.0,1,1,0.0
2016-01-24,0,0.0,1,1,0.0
2016-01-25,0,0.0,1,1,0.0
2016-01-26,0,0.0,1,1,0.0
2016-01-27,0,0.0,1,1,0.0
2016-01-28,0,0.0,1,1,0.0
2016-01-29,0,0.0,1,1,0.0
2016-01-30,0,0.0,1,1,0.0
2016-01-31,0,0.0,1,1,0.0
2016-02-01,0,0.0,1,1,0.0
2016-02-02,0,0.0,1,1,0.0
2016-02-03,0,0.0,1,1,0.0
2016-02-04,0,0.0,1,1,0.0
2016-02-05,0,0.0,1,1,0.0
2016-02-06,0,0.0,1,1,0.0
2016-02-07,0,0.0,1,1,0.0
2016-02-08,0,0.0,1,1,0.0
2016-02-09,0,0.0,1,1,0.0
2016-02-10,0,0.0,1,1,0.0
2016-02-11,0,0.0,1,1,0.0
2016-02-12,0,0.0,1,1,0.0
2016-02-13,0,0.0,1,1,0.0
2016-02-14,0,0.0,1,1,0.0
2016-02-15,0,0.0,1,1,0.0
2016-02-16,0,0.0,1,1,0.0
2016-02-17,0,0.0,1,1,0.0
2016-02-18,0,0.0,1,1,0.0
2016-02-19,0,0.0,1,1,0.0
2016-02-20,0,0.0,1,1,0.0
2016-02-21,0,0.0,1,1,0.0
2016-02-22,0,0.0,1,1,0.0
2016-02-23,0,0.0,1,1,0.0
2016-02-24,0,0.0,1,1,0.0
2016-02-25,0,0.0,1,1,0.0
2016-02-26,0,0.0,1,1,0.0
2016-02-27,0,0.0,1,1,0.0
2016-02-28,0,0.0,1,1,0.0
2016-02-29,0,0.0,1,1,0.0
2016-03-01,0,0.0,1,1,0.0
2016-03-02,0,0.0,1,1,0.0
2016-03-03,0,0.0,1,1,0.0
2016-03-04,0,0.0,1,1,0.0
2016-03-05,0,0.0,1,1,0.0
2016-03-06,0,0.0,1,1,0.0
2016-03-07,0,0.0,1,1,0.0
2016-03-08,0,0.0,1,1,0.0
2016-03-09,0,0.0,1,1,0.0
2016-03-10,0,0.0,1,1,0.0
2016-03-11,0,0.0,1,1,0.0
2016-03-12,0,0.0,1,1,0.0
2016-03-13,0,0.0,1,1,0.0
2016-03-14,0,0.0,1,1,0.0
2016-03-15,0,0.0,1,1,0.0
2016-03-16,0,0.0,1,1,0.0
2016-03-17,0,0.0,1,1,0.0
2016-03-18,0,0.0,1,1,0.0
2016-03-19,0,0.0,1,1,0.0
2016-03-20,0,0.0,1,1,0.0
2016-03-21,0,0.0,1,1,0.0
2016-03-22,0,0.0,1,1,0.0
2016-03-23,0,0.0,1,1,0.0
2016-03-24,0,0.0,1,1,0.0
2016-03-25,0,0.0,1,1,0.0
2016-03-26,0,0.0,1,1,0.0
2016-03-27,0,0.0,1,1,0.0
2016-03-28,0,0.0,1,1,0.0
2016-03-29,0,0.0,1,1,0.0
2016-03-30,0,0.0,1,1,0.0
2016-03-31,0,0.0,1,1,0.0
2016-04-01,0,0.0,1,1,0.0
2016-04-02,0,0.0,1,1,0.0
2016-04-03,0,0.0,1,1,0.0
2016-04-04,0,0.0,1,1,0.0
2016-04-05,0,0.0,1,1,0.0
2016-04-06,0,0.0,1,1,0.0
2016-04-07,0,0.0,1,1,0.0
2016-04-08,0,0.0,1,1,0.0
2016-04-09,0,0.0,1,1,0.0
2016-04-10,0,0.0,1,1,0.0
2016-04-11,0,0.0,1,1,0.0
2016-04-12,0,0.0,1,1,0.0
2016-04-13,0,0.0,1,1,0.0
2016-04-14,0,0.0,1,1,0.0
2016-04-15,0,0.0,1,1,0.0
2016-04-16,0,0.0,1,1,0.0
2016-04-17,0,0.0,1,1,0.0
2016-04-18,0,0.0,1,1,0.0
2016-04-19,0,0.0,1,1,0.0
2016-04-20,0,0.0,1,1,0.0
2016-04-21,0,0.0,1,1,0.0
2016-04-22,0,0.0,1,1,0.0
2016-04-23,0,0.0,1,1,0.0
2016-04-24,0,0.0,1,1,0.0
2016-04-25,0,0.0,1,1,0.0
2016-04-26,0,0.0,1,1,0.0
2016-04-27,0,0.0,1,1,0.0
2016-04-28,0,0.0,1,1,0.0
2016-04-29,0,0.0,1,1,0.0
2016-04-30,0,0.0,1,1,0.0
2016-05-01,0,0.0,1,1,0.0
2016-05-02,0,0.0,1,1,0.0
2016-05-03,0,0.0,1,1,0.0
2016-05-04,0,0.0,1,1,0.0
2016-05-05,0,0.0,1,1,0.0
2016-05-06,0,0.0,1,1,0.0
2016-05-07,0,0.0,1,1,0.0
2016-05-08,0,0.0,1,1,0.0
2016-05-09,0,0.0,1,1,0.0
2016-05-10,0,0.0,1,1,0.0
2016-05-11,0,0.0,1,1,0.0
2016-05-12,0,0.0,1,1,0.0
2016-05-13,0,0.0,1,1,0.0
2016-05-14,0,0.0,1,1,0.0
2016-05-15,0,0.0,1,1,0.0
2016-05-16,0,0.0,1,1,0.0
2016-05-17,0,0.0,1,1,0.0
2016-05-18,0,0.0,1,1,0.0
2016-05-19,0,0.0,1,1,0.0
2016-05-20,0,0.0,1,1,0.0
2016-05-21,0,0.0,1,1,0.0
2016-05-22,0,0.0,1,1,0.0
2016-05-23,0,0.0,1,1,0.0
2016-05-24,0,0.0,1,1,0.0
2016-05-25,0,0.0,1,1,0.0
2016-05-26,0,0.0,1,1,0.0
2016-05-27,0,0.0,1,1,0.0
2016-05-28,0,0.0,1,1,0.0
2016-05-29,0,0.0,1,1,0.0
2016-05-30,0,0.0,1,1,0.0
2016-05-31,0,0.0,1,1,0.0
2016-06-01,0,0.0,1,1,0.0
2016-06-02,0,0.0,1,1,0.0
2016-06-03,0,0.0,1,1,0.0
2016-06-04,0,0.0,1,1,0.0
2016-06-05,0,0.0,1,1,0.0
2016-06-06,0,0.0,1,1,0.0
2016-06-07,0,0.0,1,1,0.0
2016-06-08,0,0.0,1,1,0.0
2016-06-09,0,0.0,1,1,0.0
2016-06-10,0,0.0,1,1,0.0
2016-06-11,0,0.0,1,1,0.0
2016-06-12,0,0.0,1,1,0.0
2016-06-13,0,0.0,1,1,0.0
2016-06-14,0,0.0,1,1,0.0
2016-06-15,0,0.0,1,1,0.0
2016-06-16,0,0.0,1,1,0.0
2016-06-17,0,0.0,1,1,0.0
2016-06-18,0,0.0,1,1,0.0
2016-06-19,0,0.0,1,1,0.0
2016-06-20,0,0.0,1,1,0.0
2016-06-21,0,0.0,1,1,0.0
2016-06-22,0,0.0,1,1,0.0
2016-06-23,0,0.0,1,1,0.0
2016-06-24,0,0.0,1,1,0.0
2016-06-25,0,0.0,1,1,0.0
2016-06-26,0,0.0,1,1,0.0
2016-06-27,0,0.0,1,1,0.0
2016-06-28,0,0.0,1,1,0.0
2016-06-29,0,0.0,1,1,0.0
2016-06-30,0,0.0,1,1,0.0
2016-07-01,0,0.0,1,1,0.0
2016-07-02,0,0.0,1,1,0.0
2016-07-03,0,0.0,1,1,0.0
2016-07-04,0,0.0,1,1,0.0
2016-07-05,0,0.0,1,1,0.0
2016-07-06,0,0.0,1,1,0.0
2016-07-07,0,0.0,1,1,0.0
2016-07-08,0,0.0,1,1,0.0
2016-07-09,0,0.0,1,1,0.0
2016-07-10,0,0.0,1,1,0.0
2016-07-11,0,0.0,1,1,0.0
2016-07-12,0,0.0,1,1,0.0
2016-07-13,0,0.0,1,1,0.0
2016-07-14,0,0.0,1,1,0.0
2016-07-15,0,0.0,1,1,0.0
2016-07-16,0,0.0,1,1,0.0
2016-07-17,0,0.0,1,1,0.0
2016-07-18,0,0.0,1,1,0.0
2016-07-19,0,0.0,1,1,0.0
2016-07-20,0,0.0,1,1,0.0
2016-07-21,0,0.0,1,1,0.0
2016-07-22,0,0.0,1,1,0.0
2016-07-23,0,0.0,1,1,0.0
2016-07-24,0,0.0,1,1,0.0
2016-07-25,0,0.0,1,1,0.0
2016-07-26,0,0.0,1,1,0.0
2016-07-27,0,0.0,1,1,0.0
2016-07-28,0,0.0,1,1,0.0
2016-07-29,0,0.0,1,1,0.0
2016-07-30,0,0.0,1,1,0.0
2016-07-31,0,0.0,1,1,0.0
2016-08-01,0,0.0,1,1,0.0
2016-08-02,0,0.0,1,1,0.0
2016-08-03,0,0.0,1,1,0.0
2016-08-04,0,0.0,1,1,0.0
2016-08-05,0,0.0,1,1,0.0
2016-08-06,0,0.0,1,1,0.0
2016-08-07,0,0.0,1,1,0.0
2016-08-08,0,0.0,1,1,0.0
2016-08-09,0,0.0,1,1,0.0
2016-08-10,0,0.0,1,1,0.0
2016-08-11,0,0.0,1,1,0.0
2016-08-12,0,0.0,1,1,0.0
2016-08-13,0,0.0,1,1,0.0
2016-08-14,0,0.0,1,1,0.0
2016-08-15,0,0.0,1,1,0.0
2016-08-16,0,0.0,1,1,0.0
2016-08-17,0,0.0,1,1,0.0
2016-08-18,0,0.0,1,1,0.0
2016-08-19,0,0.0,1,1,0.0
2016-08-20,0,0.0,1,1,0.0
2016-08-21,0,0.0,1,1,0.0
2016-08-22,0,0.0,1,1,0.0
2016-08-23,0,0.0,1,1,0.0
2016-08-24,0,0.0,1,1,0.0
2016-08-25,0,0.0,1,1,0.0
2016-08-26,0,0.0,1,1,0.0
2016-08-27,0,0.0,1,1,0.0
2016-08-28,0,0.0,1,1,0.0
2016-08-29,0,0.0,1,1,0.0
2016-08-30,0,0.0,1,1,0.0
2016-08-31,0,0.0,1,1,0.0
2016-09-01,0,0.0,1,1,0.0
2016-09-02,0,0.0,1,1,0.0
2016-09-03,0,0.0,1,1,0.0
2016-09-04,0,0.0,1,1,0.0
2016-09-05,0,0.0,1,1,0.0
2016-09-06,0,0.0,1,1,0.0
2016-09-07,0,0.0,1,1,0.0
2016-09-08,0,0.0,1,1,0.0
2016-09-09,0,0.0,1,1,0.0
2016-09-10,0,0.0,1,1,0.0
2016-09-11,0,0.0,1,1,0.0
2016-09-12,0,0.0,1,1,0.0
2016-09-13,0,0.0,1,1,0.0
2016-09-14,0,0.0,1,1,0.0
2016-09-15,0,0.0,1,1,0.0
2016-09-16,0,0.0,1,1,0.0
2016-09-17,0,0.0,1,1,0.0
2016-09-18,0,0.0,1,1,0.0
2016-09-19,0,0.0,1,1,0.0
2016-09-20,0,0.0,1,1,0.0
2016-09-21,0,0.0,1,1,0.0
2016-09-22,0,0.0,1,1,0.0
2016-09-23,0,0.0,1,1,0.0
2016-09-24,0,0.0,1,1,0.0
2016-09-25,0,0.0,1,1,0.0
2016-09-26,0,0.0,1,1,0.0
2016-09-27,0,0.0,1,1,0.0
2016-09-28,0,0.0,1,1,0.0
2016-09-29,0,0.0,1,1,0.0
2016-09-30,0,0.0,1,1,0.0
2016-10-01,0,0.0,1,1,0.0
2016-10-02,0,0.0,1,1,0.0
2016-10-03,0,0.0,1,1,0.0
2016-10-04,0,0.0,1,1,0.0
2016-10-05,0,0.0,1,1,0.0
2016-10-06,0,0.0,1,1,0.0
2016-10-07,0,0.0,1,1,0.0
2016-10-08,0,0.0,1,1,0.0
2016-10-09,0,0.0,1,1,0.0
2016-10-10,0,0.0,1,1,0.0
2016-10-11,0,0.0,1,1,0.0
2016-10-12,0,0.0,1,1,0.0
2016-10-13,0,0.0,1,1,0.0
2016-10-14,0,0.0,1,1,0.0
2016-10-15,0,0.0,1,1,0.0
2016-10-16,0,0.0,1,1,0.0
2016-10-17,0,0.0,1,1,0.0
2016-10-18,0,0.0,1,1,0.0
2016-10-19,0,0.0,1,1,0.0
2016-10-20,0,0.0,1,1,0.0
2016-10-21,0,0.0,1,1,0.0
2016-10-22,0,0.0,1,1,0.0
2016-10-23,0,0.0,1,1,0.0
2016-10-24,0,0.0,1,1,0.0
2016-10-25,0,0.0,1,1,0.0
2016-10-26,0,0.0,1,1,0.0
2016-10-27,0,0.0,1,1,0.0
2016-10-28,0,0.0,1,1,0.0
2016-10-29,0,0.0,1,1,0.0
2016-10-30,0,0.0,1,1,0.0
2016-10-31,0,0.0,1,1,0.0
2016-11-01,0,0.0,1,1,0.0
2016-11-02,0,0.0,1,1,0.0
2016-11-03,0,0.0,1,1,0.0
2016-11-04,0,0.0,1,1,0.0
2016-11-05,0,0.0,1,1,0.0
2016-11-06,0,0.0,1,1,0.0
2016-11-07,0,0.0,1,1,0.0
2016-11-08,0,0.0,1,1,0.0
2016-11-09,0,0.0,1,1,0.0
2016-11-10,0,0.0,1,1,0.0
2016-11-11,0,0.0,1,1,0.0
2016-11-12,0,0.0,1,1,0.0
2016-11-13,0,0.0,1,1,0.0
2016-11-14,0,0.0,1,1,0.0
2016-11-15,0,0.0,1,1,0.0
2016-11-16,0,0.0,1,1,0.0
2016-11-17,0,0.0,1,1,0.0
2016-11-18,0,0.0,1,1,0.0
2016-11-19,0,0.0,1,1,0.0
2016-11-20,0,0.0,1,1,0.0
2016-11-21,0,0.0,1,1,0.0
2016-11-22,0,0.0,1,1,0.0
2016-11-23,0,0.0,1,1,0.0
2016-11-24,0,0.0,1,1,0.0
2016-11-25,0,0.0,1,1,0.0
2016-11-26,0,0.0,1,1,0.0
2016-11-27,0,0.0,1,1,0.0
2016-11-28,0,0.0,1,1,0.0
2016-11-29,0,0.0,1,1,0.0
2016-11-30,0,0.0,1,1,0.0
2016-12-01,0,0.0,1,1,0.0
2016-12-02,0,0.0,1,1,0.0
2016-12-03,0,0.0,1,1,0.0
2016-12-04,0,0.0,1,1,0.0
2016-12-05,0,0.0,1,1,0.0
2016-12-06,0,0.0,1,1,0.0
2016-12-07,0,0.0,1,1,0.0
2016-12-08,0,0.0,1,1,0.0
2016-12-09,0,0.0,1,1,0.0
2016-12-10,0,0.0,1,1,0.0
2016-12-11,0,0.0,1,1,0.0
2016-12-12,0,0.0,1,1,0.0
2016-12-13,0,0.0,1,1,0.0
2016-12-14,0,0.0,1,1,0.0
2016-12-15,0,0.0,1,1,0.0
2016-12-16,0,0.0,1,1,0.0
2016-12-17,0,0.0,1,1,0.0
2016-12-18,0,0.0,1,1,0.0
2016-12-19,0,0.0,1,1,0.0
2016-12-20,0,0.0,1,1,0.0
2016-12-21,0,0.0,1,1,0.0
2016-12-22,0,0.0,1,1,0.0
2016-12-23,0,0.0,1,1,0.0
2016-12-24,0,0.0,1,1,0.0
2016-12-25,0,0.0,1,1,0.0
2016-12-26,0,0.0,1,1,0.0
2016-12-27,0,0.0,1,1,0.0
2016-12-28,0,0.0,1,1,0.0
2016-12-29,0,0.0,1,1,0.0
2016-12-30,0,0.0,1,1,0.0
2016-12-31,0,0.0,1,1,0.0
2017-01-01,0,0.0,1,1,0.0
2017-01-02,0,0.0,1,1,0.0
2017-01-03,0,0.0,1,1,0.0
2017-01-04,0,0.0,1,1,0.0
2017-01-05,0,0.0,1,1,0.0
2017-01-06,0,0.0,1,1,0.0
2017-01-07,0,0.0,1,1,0.0
2017-01-08,0,0.0,1,1,0.0
2017-01-09,0,0.0,1,1,0.0
2017-01-10,0,0.0,1,1,0.0
2017-01-11,0,0.0,1,1,0.0
2017-01-12,0,0.0,1,1,0.0
2017-01-13,0,0.0,1,1,0.0
2017-01-14,0,0.0,1,1,0.0
2017-01-15,0,0.0,1,1,0.0
2017-01-16,0,0.0,1,1,0.0
2017-01-17,0,0.0,1,1,0.0
2017-01-18,0,0.0,1,1,0.0
2017-01-19,0,0.0,1,1,0.0
2017-01-20,0,0.0,1,1,0.0
2017-01-21,0,0.0,1,1,0.0
2017-01-22,0,0.0,1,1,0.0
2017-01-23,0,0.0,1,1,0.0
2017-01-24,0,0.0,1,1,0.0
2017-01-25,0,0.0,1,1,0.0
2017-01-26,0,0.0,1,1,0.0
2017-01-27,0,0.0,1,1,0.0
2017-01-28,0,0.0,1,1,0.0
2017-01-29,0,0.0,1,1,0.0
2017-01-30,0,0.0,1,1,0.0
2017-01-31,0,0.0,1,1,0.0
2017-02-01,0,0.0,1,1,0.0
2017-02-02,0,0.0,1,1,0.0
2017-02-03,0,0.0,1,1,0.0
2017-02-04,0,0.0,1,1,0.0
2017-02-05,0,0.0,1,1,0.0
2017-02-06,0,0.0,1,1,0.0
2017-02-07,0,0.0,1,1,0.0
2017-02-08,0,0.0,1,1,0.0
2017-02-09,0,0.0,1,1,0.0
2017-02-10,0,0.0,1,1,0.0
2017-02-11,0,0.0,1,1,0.0
2017-02-12,0,0.0,1,1,0.0
2017-02-13,0,0.0,1,1,0.0
2017-02-14,0,0.0,1,1,0.0
2017-02-15,0,0.0,1,1,0.0
2017-02-16,0,0.0,1,1,0.0
2017-02-17,0,0.0,1,1,0.0
2017-02-18,0,0.0,1,1,0.0
2017-02-19,0,0.0,1,1,0.0
2017-02-20,0,0.0,1,1,0.0
2017-02-21,0,0.0,1,1,0.0
2017-02-22,0,0.0,1,1,0.0
2017-02-23,0,0.0,1,1,0.0
2017-02-24,0,0.0,1,1,0.0
2017-02-25,0,0.0,1,1,0.0
2017-02-26,0,0.0,1,1,0.0
2017-02-27,0,0.0,1,1,0.0
2017-02-28,0,0.0,1,1,0.0
2017-03-01,0,0.0,1,1,0.0
2017-03-02,0,0.0,1,1,0.0
2017-03-03,0,0.0,1,1,0.0
2017-03-04,0,0.0,1,1,0.0
2017-03-05,0,0.0,1,1,0.0
2017-03-06,0,0.0,1,1,0.0
2017-03-07,0,0.0,1,1,0.0
2017-03-08,0,0.0,1,1,0.0
2017-03-09,0,0.0,1,1,0.0
2017-03-10,0,0.0,1,1,0.0
2017-03-11,0,0.0,1,1,0.0
2017-03-12,0,0.0,1,1,0.0
2017-03-13,0,0.0,1,1,0.0
2017-03-14,0,0.0,1,1,0.0
2017-03-15,0,0.0,1,1,0.0
2017-03-16,0,0.0,1,1,0.0
2017-03-17,0,0.0,1,1,0.0
2017-03-18,0,0.0,1,1,0.0
2017-03-19,0,0.0,1,1,0.0
2017-03-20,0,0.0,1,1,0.0
2017-03-21,0,0.0,1,1,0.0
2017-03-22,0,0.0,1,1,0.0
2017-03-23,0,0.0,1,1,0.0
2017-03-24,0,0.0,1,1,0.0
2017-03-25,0,0.0,1,1,0.0
2017-03-26,0,0.0,1,1,0.0
2017-03-27,0,0.0,1,1,0.0
2017-03-28,0,0.0,1,1,0.0
2017-03-29,0,0.0,1,1,0.0
2017-03-30,0,0.0,1,1,0.0
2017-03-31,0,0.0,1,1,0.0
2017-04-01,0,0.0,1,1,0.0
2017-04-02,0,0.0,1,1,0.0
2017-04-03,0,0.0,1,1,0.0
2017-04-04,0,0.0,1,1,0.0
2017-04-05,0,0.0,1,1,0.0
2017-04-06,0,0.0,1,1,0.0
2017-04-07,0,0.0,1,1,0.0
2017-04-08,0,0.0,1,1,0.0
2017-04-09,0,0.0,1,1,0.0
2017-04-10,0,0.0,1,1,0.0
2017-04-11,0,0.0,1,1,0.0
2017-04-12,0,0.0,1,1,0.0
2017-04-13,0,0.0,1,1,0.0
2017-04-14,0,0.0,1,1,0.0
2017-04-15,0,0.0,1,1,0.0
2017-04-16,0,0.0,1,1,0.0
2017-04-17,0,0.0,1,1,0.0
2017-04-18,0,0.0,1,1,0.0
2017-04-19,0,0.0,1,1,0.0
2017-04-20,0,0.0,1,1,0.0
2017-04-21,0,0.0,1,1,0.0
2017-04-22,0,0.0,1,1,0.0
2017-04-23,0,0.0,1,1,0.0
2017-04-24,0,0.0,1,1,0.0
2017-04-25,0,0.0,1,1,0.0
2017-04-26,0,0.0,1,1,0.0
2017-04-27,0,0.0,1,1,0.0
2017-04-28,0,0.0,1,1,0.0
2017-04-29,0,0.0,1,1,0.0
2017-04-30,0,0.0,1,1,0.0
2017-05-01,0,0.0,1,1,0.0
2017-05-02,0,0.0,1,1,0.0
2017-05-03,0,0.0,1,1,0.0
2017-05-04,0,0.0,1,1,0.0
2017-05-05,0,0.0,1,1,0.0
2017-05-06,0,0.0,1,1,0.0
2017-05-07,0,0.0,1,1,0.0
2017-05-08,0,0.0,1,1,0.0
2017-05-09,0,0.0,1,1,0.0
2017-05-10,0,0.0,1,1,0.0
2017-05-11,0,0.0,1,1,0.0
2017-05-12,0,0.0,1,1,0.0
2017-05-13,0,0.0,1,1,0.0
2017-05-14,0,0.0,1,1,0.0
2017-05-15,0,0.0,1,1,0.0
2017-05-16,0,0.0,1,1,0.0
2017-05-17,0,0.0,1,1,0.0
2017-05-18,0,0.0,1,1,0.0
2017-05-19,0,0.0,1,1,0.0
2017-05-20,0,0.0,1,1,0.0
2017-05-21,0,0.0,1,1,0.0
2017-05-22,0,0.0,1,1,0.0
2017-05-23,0,0.0,1,1,0.0
2017-05-24,0,0.0,1,1,0.0
2017-05-25,0,0.0,1,1,0.0
2017-05-26,0,0.0,1,1,0.0
2017-05-27,0,0.0,1,1,0.0
2017-05-28,2,0.0,1,1,0.0
2017-05-29,2,0.0,1,1,0.0
2017-05-30,2,0.0,1,1,0.0
2017-05-31,2,0.0,1,1,0.0
2017-06-01,2,0.0,1,1,0.0
2017-06-02,2,0.0,1,1,0.0
2017-06-03,2,0.0,1,1,0.0
2017-06-04,0,0.0,1,1,0.0
2017-06-05,0,0.0,1,1,0.0
2017-06-06,0,0.0,1,1,0.0
2017-06-07,0,0.0,1,1,0.0
2017-06-08,0,0.0,1,1,0.0
2017-06-09,0,0.0,1,1,0.0
2017-06-10,0,0.0,1,1,0.0
2017-06-11,0,0.0,1,1,0.0
2017-06-12,0,0.0,1,1,0.0
2017-06-13,0,0.0,1,1,0.0
2017-06-14,0,0.0,1,1,0.0
2017-06-15,0,0.0,1,1,0.0
2017-06-16,0,0.0,1,1,0.0
2017-06-17,0,0.0,1,1,0.0
2017-06-18,0,0.0,1,1,0.0
2017-06-19,0,0.0,1,1,0.0
2017-06-20,0,0.0,1,1,0.0
2017-06-21,0,0.0,1,1,0.0
2017-06-22,0,0.0,1,1,0.0
2017-06-23,0,0.0,1,1,0.0
2017-06-24,0,0.0,1,1,0.0
2017-06-25,0,0.0,1,1,0.0
2017-06-26,0,0.0,1,1,0.0
2017-06-27,0,0.0,1,1,0.0
2017-06-28,0,0.0,1,1,0.0
2017-06-29,0,0.0,1,1,0.0
2017-06-30,0,0.0,1,1,0.0
2017-07-01,0,0.0,1,1,0.0
2017-07-02,0,0.0,1,1,0.0
2017-07-03,0,0.0,1,1,0.0
2017-07-04,0,0.0,1,1,0.0
2017-07-05,0,0.0,1,1,0.0
2017-07-06,0,0.0,1,1,0.0
2017-07-07,0,0.0,1,1,0.0
2017-07-08,0,0.0,1,1,0.0
2017-07-09,0,0.0,1,1,0.0
2017-07-10,0,0.0,1,1,0.0
2017-07-11,0,0.0,1,1,0.0
2017-07-12,0,0.0,1,1,0.0
2017-07-13,0,0.0,1,1,0.0
2017-07-14,0,0.0,1,1,0.0
2017-07-15,0,0.0,1,1,0.0
2017-07-16,0,0.0,1,1,0.0
2017-07-17,0,0.0,1,1,0.0
2017-07-18,0,0.0,1,1,0.0
2017-07-19,0,0.0,1,1,0.0
2017-07-20,0,0.0,1,1,0.0
2017-07-21,0,0.0,1,1,0.0
2017-07-22,0,0.0,1,1,0.0
2017-07-23,0,0.0,1,1,0.0
2017-07-24,0,0.0,1,1,0.0
2017-07-25,0,0.0,1,1,0.0
2017-07-26,0,0.0,1,1,0.0
2017-07-27,0,0.0,1,1,0.0
2017-07-28,0,0.0,1,1,0.0
2017-07-29,0,0.0,1,1,0.0
2017-07-30,0,0.0,1,1,0.0
2017-07-31,0,0.0,1,1,0.0
2017-08-01,0,0.0,1,1,0.0
2017-08-02,0,0.0,1,1,0.0
2017-08-03,0,0.0,1,1,0.0
2017-08-04,0,0.0,1,1,0.0
2017-08-05,0,0.0,1,1,0.0
2017-08-06,0,0.0,1,1,0.0
2017-08-07,0,0.0,1,1,0.0
2017-08-08,0,0.0,1,1,0.0
2017-08-09,0,0.0,1,1,0.0
2017-08-10,0,0.0,1,1,0.0
2017-08-11,0,0.0,1,1,0.0
2017-08-12,0,0.0,1,1,0.0
2017-08-13,4,0.0,1,1,0.0
2017-08-14,4,0.0,1,1,0.0
2017-08-15,4,0.0,1,1,0.0
2017-08-16,4,0.0,1,1,0.0
2017-08-17,4,0.0,1,1,0.0
2017-08-18,4,0.0,1,1,0.0
2017-08-19,4,0.0,1,1,0.0
2017-08-20,0,0.0,1,1,0.0
2017-08-21,0,0.0,1,1,0.0
2017-08-22,0,0.0,1,1,0.0
2017-08-23,0,0.0,1,1,0.0
2017-08-24,0,0.0,1,1,0.0
2017-08-25,0,0.0,1,1,0.0
2017-08-26,0,0.0,1,1,0.0
2017-08-27,2,0.0,1,1,0.0
2017-08-28,2,0.0,1,1,0.0
2017-08-29,2,0.0,1,1,0.0
2017-08-30,2,0.0,1,1,0.0
2017-08-31,2,0.0,1,1,0.0
2017-09-01,2,0.0,1,1,0.0
2017-09-02,2,0.0,1,1,0.0
2017-09-03,0,0.0,1,1,0.0
2017-09-04,0,0.0,1,1,0.0
2017-09-05,0,0.0,1,1,0.0
2017-09-06,0,0.0,1,1,0.0
2017-09-07,0,0.0,1,1,0.0
2017-09-08,0,0.0,1,1,0.0
2017-09-09,0,0.0,1,1,0.0
2017-09-10,2,0.0,1,1,0.0
2017-09-11,2,0.0,1,1,0.0
2017-09-12,2,0.0,1,1,0.0
2017-09-13,2,0.0,1,1,0.0
2017-09-14,2,0.0,1,1,0.0
2017-09-15,2,0.0,1,1,0.0
2017-09-16,2,0.0,1,1,0.0
2017-09-17,26,0.0,1,1,0.0
2017-09-18,26,0.0,1,1,0.0
2017-09-19,26,2.9425,1,1,519930.55
2017-09-20,26,2.2275,1,1,2972086.05
2017-09-21,26,1.6775000000000002,1,1,1764555.74
2017-09-22,26,1.665,1,1,659714.79
2017-09-23,26,1.5275,1,1,652320.43
2017-09-24,15,1.3075,1,1,1575300.22
2017-09-25,15,1.2225,1,1,500030.48
2017-09-26,15,1.06,1,1,1837164.17
2017-09-27,15,1.078,1,1,1327338.46
2017-09-28,15,1.1175,1,1,1364949.37
2017-09-29,15,1.2575,1,1,2874410.53
2017-09-30,15,1.36,1,1,1201459.74
2017-10-01,9,1.4075,1,1,2485888.73
2017-10-02,9,1.2275,1,1,1098167.49
2017-10-03,9,1.165,1,1,428026.1
2017-10-04,9,1.2075,1,1,1030125.82
2017-10-05,9,1.245,1,1,592768.58
2017-10-06,9,1.21,1,1,301499.4
2017-10-07,9,1.2799999999999998,1,1,1681535.29
2017-10-08,55,1.3175,1,1,1162929.51
2017-10-09,55,1.355,1,1,1347521.11
2017-10-10,55,2.135,1,1,14131234.66
2017-10-11,55,2.8550000000000004,1,1,13847482.68
2017-10-12,55,2.97,1,1,8118882.36
2017-10-13,55,3.3149999999999995,1,1,6788502.43
2017-10-14,55,4.260000000000002,1,1,13777992.02
2017-10-15,100,4.84,1,1,11829553.99
2017-10-16,100,4.545000000000001,1,1,11322642.26
2017-10-17,100,4.862500000000002,1,1,6609397.41
2017-10-18,100,5.555,1,1,15508477.22
2017-10-19,100,5.375,1,1,11126503.41
2017-10-20,100,4.89,1,1,7672560.52
2017-10-21,100,5.1099999999999985,1,1,5304891.71
2017-10-22,57,4.7675,1,1,6514427.55
2017-10-23,57,4.942500000000001,1,1,8178560.43
2017-10-24,57,4.7825000000000015,1,1,3854208.28
2017-10-25,57,4.5375,1,1,3712992.95
2017-10-26,57,4.155,1,1,8026264.23
2017-10-27,57,3.9725,1,1,6317827.21
2017-10-28,57,4.0299999999999985,1,1,4409465.93
2017-10-29,28,3.9425,1,1,3305445.53
2017-10-30,28,4.2075,1,1,7352652.93
2017-10-31,28,3.78,1,1,5268788.42
2017-11-01,28,3.2425,1,1,7660951.76
2017-11-02,28,3.33,1,1,5070516.87
2017-11-03,28,3.25,1,1,2463001.2
2017-11-04,28,3.04,1,1,2265553.6
2017-11-05,37,3.1100000000000003,1,1,4984493.68
2017-11-06,37,3.1025,1,1,3256390.16
2017-11-07,37,3.3925,1,1,8924746.22
2017-11-08,37,3.755,1,1,7246740.54
2017-11-09,37,3.505,1,1,6996336.05
2017-11-10,37,3.17,1,1,4415170.47
2017-11-11,37,3.03,1,1,4887924.76
2017-11-12,19,3.015,1,1,4084279.1
2017-11-13,19,3.0225,1,1,3207837.15
2017-11-14,19,3.2275,1,1,5616534.56
2017-11-15,19,3.245,1,1,4045356.02
2017-11-16,19,3.075,1,1,2435859.48
2017-11-17,19,3.17,1,1,4107956.72
2017-11-18,19,3.2550000000000003,1,1,2808342.25
2017-11-19,25,3.2175,1,1,2075703.58
2017-11-20,25,3.3925,1,1,9927716.33
2017-11-21,25,3.625,1,1,5707946.74
2017-11-22,25,3.775,1,1,8195135.44
2017-11-23,25,3.6175,1,1,3553667.1
2017-11-24,25,3.747500000000001,1,1,3577672.57
2017-11-25,25,3.785,1,1,34767.82
2017-11-26,21,3.7375,1,1,3622793.02
2017-11-27,21,3.7125,1,1,3456601.15
2017-11-28,21,2.5913600000000003,1,1,11848977.23
2017-11-29,21,2.6725,1,1,6470945.17
2017-11-30,21,2.7875,1,1,3451488.75
2017-12-01,21,2.9325,1,1,2985806.61
2017-12-02,21,2.85,1,1,3190456.32
2017-12-03,15,2.8525000000000005,1,1,2434225.85
2017-12-04,15,2.7475,1,1,3594638.28
2017-12-05,15,2.6125,1,1,3102768.1
2017-12-06,15,2.37,1,1,4444543.05
2017-12-07,15,2.2625,1,1,3507611.21
2017-12-08,15,2.4225000000000003,1,1,2903731.43
2017-12-09,15,2.2375,1,1,1804048.44
2017-12-10,36,2.3625000000000003,1,1,2564580.69
2017-12-11,36,2.5125,1,1,2623076.77
2017-12-12,36,2.9,1,1,11393618.3
2017-12-13,36,3.285,1,1,9733867.74
2017-12-14,36,3.335,1,1,4922413.96
2017-12-15,36,3.56,1,1,7026559.12
2017-12-16,36,3.94,1,1,9016047.86
2017-12-17,26,4.1275,1,1,13344219.49
2017-12-18,26,4.4525,1,1,15383684.51
2017-12-19,26,4.255,1,1,6630570.77
2017-12-20,26,3.7375,1,1,11522745.23
2017-12-21,26,2.7125,1,1,15101503.43
2017-12-22,26,2.6,1,1,6195007.54
2017-12-23,26,2.54,1,1,5352463.55
2017-12-24,33,2.785,1,1,7127340.7
2017-12-25,33,3.1325,1,1,8540989.89
2017-12-26,33,3.335,1,1,6679075.65
2017-12-27,33,2.94,1,1,6169273.8
2017-12-28,33,2.8475,1,1,2905250.23
2017-12-29,33,2.655,1,1,3246578.22
2017-12-30,33,2.6050000000000004,1,1,1907049.91
2017-12-31,45,2.8000000000000003,1,1,2141832.74
2018-01-01,45,3.0025,1,1,4651812.67
2018-01-02,45,3.0575,1,1,4145117.02
2018-01-03,45,4.33,1,1,22832633.61
2018-01-04,45,5.1275,1,1,27669091.97
2018-01-05,45,4.8225,1,1,8743410.38
2018-01-06,45,5.0474999999999985,1,1,6101623.49
2018-01-07,8,4.575,1,1,10575807.8
2018-01-08,8,4.45,1,1,4921155.32
2018-01-09,8,4.25,1,1,4951145.86
2018-01-10,8,3.825,1,1,7262230.14
2018-01-11,8,3.7575,1,1,4817929.66
2018-01-12,8,4.07,1,1,5642309.16
2018-01-13,8,3.86,1,1,3571928.37
2018-01-14,16,3.805,1,1,1675376.52
2018-01-15,16,2.99,1,1,9170472.1
2018-01-16,16,2.415,1,1,2681625.57
2018-01-17,16,2.555,1,1,2874099.06
2018-01-18,16,2.47,1,1,1687847.61
2018-01-19,16,2.8,1,1,2570370.99
2018-01-20,16,2.7325,1,1,2307089.59
2018-01-21,14,2.465,1,1,1607783.73
2018-01-22,14,2.3775000000000004,1,1,1374308.51
2018-01-23,14,2.4425,1,1,1057630.71
2018-01-24,14,2.5,1,1,859986.34
2018-01-25,14,2.885,1,1,8440418.11
2018-01-26,14,3.185,1,1,3528337.38
2018-01-27,14,3.135,1,1,2177823.14
2018-01-28,6,3.03,1,1,1537375.76
2018-01-29,6,2.67,1,1,1649047.7
2018-01-30,6,2.4875,1,1,1369230.9
2018-01-31,6,2.2575,1,1,2412299.86
2018-02-01,6,1.89,1,1,2390339.86
2018-02-02,6,1.9625,1,1,954290.67
2018-02-03,6,1.9125,1,1,1006521.07
2018-02-04,16,1.58,1,1,1312387.73
2018-02-05,16,1.325,1,1,1933249.55
2018-02-06,16,1.41,1,1,1092294.36
2018-02-07,16,1.4425,1,1,648719.08
2018-02-08,16,1.465,1,1,1431299.63
2018-02-09,16,1.54,1,1,1187903.47
2018-02-10,16,1.4675,1,1,661003.9
2018-02-11,4,1.4875,1,1,896932.9
2018-02-12,4,1.525,1,1,577103.51
2018-02-13,4,1.7075,1,1,1736884.73
2018-02-14,4,1.9125,1,1,1613268.06
2018-02-15,4,2.0875,1,1,1843102.89
2018-02-16,4,2.29,1,1,1911426.83
2018-02-17,4,2.125,1,1,1715151.79
2018-02-18,12,2.1075,1,1,1208153.6
2018-02-19,12,2.005,1,1,2159590.03
2018-02-20,12,1.835,1,1,901516.85
2018-02-21,12,1.6825,1,1,1007294.5
2018-02-22,12,1.6175,1,1,1201356.32
2018-02-23,12,1.61,1,1,577935.18
2018-02-24,12,1.585,1,1,512547.81
2018-02-25,12,1.655,1,1,1523697.98
2018-02-26,12,1.7575,1,1,824946.72
2018-02-27,12,1.6800000000000002,1,1,1259363.5
2018-02-28,12,1.66,1,1,466991.19
